{"train_loss": 164671841.306859, "dev_loss": 140550209.5727612, "_timestamp": 1708622359.510397, "_runtime": 2.534601926803589, "_step": 0, "_wandb": {"runtime": 2}}