{"train_loss": 144372292.5461003, "dev_loss": 167456441.58966565, "_timestamp": 1708621420.960237, "_runtime": 38.797070026397705, "_step": 199, "_wandb": {"runtime": 37}}