{"train_loss": 23728705.837072726, "dev_loss": 22598695.75606794, "_timestamp": 1708623439.171778, "_runtime": 275.7030339241028, "_step": 999, "_wandb": {"runtime": 275}}