{"train_loss": 144362185.552649, "dev_loss": 167373875.33928987, "_timestamp": 1708621234.090715, "_runtime": 39.2222158908844, "_step": 199, "_wandb": {"runtime": 38}}