{"train_loss": 54034509.592291184, "dev_loss": 40360050.06165792, "_timestamp": 1708621145.515462, "_runtime": 23.769675970077515, "_step": 156, "_wandb": {"runtime": 23}}