{"train_loss": 264996432.04477116, "dev_loss": 290049664.7705889, "_timestamp": 1708621925.736696, "_runtime": 55.60549211502075, "_step": 199, "_wandb": {"runtime": 55}}