{"train_loss": 24067750.301903293, "dev_loss": 23045254.947098006, "_timestamp": 1708623141.4478562, "_runtime": 279.2383472919464, "_step": 999, "_wandb": {"runtime": 278}}