{"train_loss": 18106149.990782708, "dev_loss": 23980813.804518387, "_timestamp": 1708627289.8898938, "_runtime": 642.9905438423157, "_step": 999, "_wandb": {"runtime": 642}}