{"train_loss": 53097923.683746964, "dev_loss": 37899073.84918486, "_timestamp": 1708442489.444176, "_runtime": 134.92806100845337, "_step": 999, "_wandb": {"runtime": 134}}