{"train_loss": 17037264.344835263, "dev_loss": 24765661.929509662, "_timestamp": 1708625597.025847, "_runtime": 472.0323359966278, "_step": 999, "_wandb": {"runtime": 471}}