{"train_loss": 53614267.853543445, "dev_loss": 39687417.836061396, "_timestamp": 1708461411.506764, "_runtime": 30.01496195793152, "_step": 199, "_wandb": {"runtime": 29}}