{"train_loss": 21542999.334481746, "dev_loss": 22117540.065145493, "_timestamp": 1708627747.949423, "_runtime": 398.98318910598755, "_step": 999, "_wandb": {"runtime": 398}}