{"train_loss": 38864487.65944261, "dev_loss": 40096305.58603315, "_timestamp": 1708622312.780565, "_runtime": 137.9512960910797, "_step": 499, "_wandb": {"runtime": 137}}