{"train_loss": 26649002.218426913, "dev_loss": 23947143.39442558, "_timestamp": 1708624490.38528, "_runtime": 429.0567820072174, "_step": 999, "_wandb": {"runtime": 428}}