{"train_loss": 24304194.71588763, "dev_loss": 22804813.893799953, "_timestamp": 1708622512.311935, "_runtime": 139.81805801391602, "_step": 499, "_wandb": {"runtime": 139}}