{"train_loss": 37101006.60751073, "dev_loss": 38310965.94728179, "_timestamp": 1708622690.341933, "_runtime": 22.289216995239258, "_step": 72, "_wandb": {"runtime": 21}}