{"train_loss": 144594021.18460876, "dev_loss": 167495490.7205519, "_timestamp": 1708621363.430544, "_runtime": 9.841681003570557, "_step": 42, "_wandb": {"runtime": 9}}