{"train_loss": 53614243.93998388, "dev_loss": 39687372.599842586, "_timestamp": 1708442722.0372758, "_runtime": 28.821364879608154, "_step": 199, "_wandb": {"runtime": 28}}