{"train_loss": 21150605.631024636, "dev_loss": 22100599.35238397, "_timestamp": 1708623979.417652, "_runtime": 427.57758498191833, "_step": 999, "_wandb": {"runtime": 427}}