{"train_loss": 55267117.32285521, "dev_loss": 41783019.220012605, "_timestamp": 1708442276.921715, "_runtime": 15.47780704498291, "_step": 99, "_wandb": {"runtime": 15}}