{"train_loss": 140517063.59098527, "dev_loss": 157244335.03464064, "_timestamp": 1708622123.7178812, "_runtime": 133.43773221969604, "_step": 499, "_wandb": {"runtime": 132}}