{"train_loss": 24744222.53970383, "dev_loss": 23963443.737450443, "_timestamp": 1708622843.206937, "_runtime": 141.5325231552124, "_step": 499, "_wandb": {"runtime": 141}}