{"train_loss": 53614225.322090395, "dev_loss": 39687337.926852554, "_timestamp": 1708461764.3450859, "_runtime": 29.377189874649048, "_step": 199, "_wandb": {"runtime": 29}}